,Titulo,Precio,Imagen
0,Nevera No Frost CHALLENGER 231 Litros CR249 Titanium,$1.619.900,https://www.alkosto.com/medias/7705191041803-001-310Wx310H?context=bWFzdGVyfGltYWdlc3wxMTYyfGltYWdlL3dlYnB8YURNekwyaG1aUzh4TkRVek9EVTROekUzTmprNU1DODNOekExTVRreE1EUXhPREF6WHpBd01WOHpNVEJYZURNeE1FZ3xhNGZhYjU1OTQ0YzNlMDAyN2U3NDJkOGE3M2U1ZTc5OGVkOTY1NzI1MWFjY2U3ZjFkYjVmNzY5NzNjMDc2ZTli
1,Nevera No Frost CHALLENGER 231 Litros CR249 Titanium,$1.619.900,https://www.alkosto.com/medias/7705191041803-001-310Wx310H?context=bWFzdGVyfGltYWdlc3wxMTYyfGltYWdlL3dlYnB8YURNekwyaG1aUzh4TkRVek9EVTROekUzTmprNU1DODNOekExTVRreE1EUXhPREF6WHpBd01WOHpNVEJYZURNeE1FZ3xhNGZhYjU1OTQ0YzNlMDAyN2U3NDJkOGE3M2U1ZTc5OGVkOTY1NzI1MWFjY2U3ZjFkYjVmNzY5NzNjMDc2ZTli
2,Nevera No Frost CHALLENGER 231 Litros CR249 Titanium,$1.619.900,https://www.alkosto.com/medias/7705191041803-001-310Wx310H?context=bWFzdGVyfGltYWdlc3wxMTYyfGltYWdlL3dlYnB8YURNekwyaG1aUzh4TkRVek9EVTROekUzTmprNU1DODNOekExTVRreE1EUXhPREF6WHpBd01WOHpNVEJYZURNeE1FZ3xhNGZhYjU1OTQ0YzNlMDAyN2U3NDJkOGE3M2U1ZTc5OGVkOTY1NzI1MWFjY2U3ZjFkYjVmNzY5NzNjMDc2ZTli
3,Nevera Mabe No Frost Congelador Superior 297 Litros RMA313FXCC Negra,$1.879.900,https://www.alkosto.com/medias/7704712465906-001-310Wx310H?context=bWFzdGVyfGltYWdlc3wxNTU0fGltYWdlL3dlYnB8YURZekwyaG1NUzh4TkRVMU5qazBOelUzT0RreE1DODNOekEwTnpFeU5EWTFPVEEyWHpBd01WOHpNVEJYZURNeE1FZ3xkNTEyODU2Mjg1NGM3ZTgzM2NlOGQ3Yzk0NTIxM2RmY2NhNzA5YzU2MTRlZDhmODUyM2Y3Mzk2NTI3YjdkNzZm
4,Nevera No Frost CHALLENGER 300 Litros CR317 Titanium,$1.779.900,https://www.alkosto.com/medias/7705191041766-001-310Wx310H?context=bWFzdGVyfGltYWdlc3wxMTQ2fGltYWdlL3dlYnB8YUdVMUwyaGlNaTh4TkRVek9EVTNPRGt4T1RRMU5DODNOekExTVRreE1EUXhOelkyWHpBd01WOHpNVEJYZURNeE1FZ3xkODBkOGMzYTBhNmY2ZGFmOGM1NTM2MmRjMmZjN2I2YzdjNmE1YWMzOGI2YWQ4NzIxNzdkNjI0ZTkzZmMwMmJi
5,Nevera HACEB No Frost Congelador Superior 294 Litros N311 Manija Interna Inox Negro,$1.728.400,https://www.alkosto.com/medias/7704353449921-001-310Wx310H?context=bWFzdGVyfGltYWdlc3wxNDc0fGltYWdlL3dlYnB8YUdFMUwyaGlZaTh4TkRVek9EVTBNVEUzTURjeE9DODNOekEwTXpVek5EUTVPVEl4WHpBd01WOHpNVEJYZURNeE1FZ3wyMWQ5MzYzOGFkOTgxODYzMDczZjVlM2JlMjE4MDBkYzBlMDJkZDFiYWYyMmQ5M2M5YjAwOTdiOGQ0MGJiNjMw
6,Nevera Mabe No Frost Congelador Superior 230 Litros Brutos RMA247FJCG Grafito,$1.599.900,https://www.alkosto.com/medias/7704712541358-001-310Wx310H?context=bWFzdGVyfGltYWdlc3wxMzUyfGltYWdlL3dlYnB8YURVM0wyaG1OeTh4TkRVMU5qazFOVGd6TmpRME5pODNOekEwTnpFeU5UUXhNelU0WHpBd01WOHpNVEJYZURNeE1FZ3wyMTQzMjc0ZmJlYjhiNTI4YzJjZmYyN2NlZTk2ZGRmZmYwZjViMDBmZjU1MWE5OWQ3ZDllMGY3ZmRlNzMyYzY2
7,Nevera HACEB No Frost Congelador Superior 226 Litros N243 Manija Interna Gris Plomo,$1.569.900,https://www.alkosto.com/medias/7704353450736-001-310Wx310H?context=bWFzdGVyfGltYWdlc3wyMjUwfGltYWdlL3dlYnB8YURNMkwyaGxaaTh4TkRVek9EVTBOVEk1T1RRNE5pODNOekEwTXpVek5EVXdOek0yWHpBd01WOHpNVEJYZURNeE1FZ3xjYWNlMjIyNWU2YjYzYjk1MDVjYjFmOGM0OTQ4MGRjMjE5NWIwNWQyZTY5MDQ0NWQ1MDJhMGVmOTcxOTdmOGMx
8,Nevera MABE No Frost Congelador Superior 250 Litros RMA267PYCU Inox,$1.667.100,https://www.alkosto.com/medias/7704712064734-001-310Wx310H?context=bWFzdGVyfGltYWdlc3wxNDUyfGltYWdlL3dlYnB8YURjMkwyaGxOUzh4TkRVMU5qa3dOVGMyTmprME1pODNOekEwTnpFeU1EWTBOek0wWHpBd01WOHpNVEJYZURNeE1FZ3wzNzBjOGFhYWZiZmJmYzFkMzk0ZDg0MDNiZGZkMjNkOTBhMGMzNzk1ZmMxOTliY2U5NTVmOTI4MzliMWIzODc5
9,Nevera Frost CHALLENGER Una Puerta 215 Litros CR239 Titanium,$1.279.900,https://www.alkosto.com/medias/7705191041315-001-310Wx310H?context=bWFzdGVyfGltYWdlc3wxMjU0fGltYWdlL3dlYnB8YURVMUwyaG1OUzh4TkRZM05qZ3pOalkwTmprME1pODNOekExTVRreE1EUXhNekUxWHpBd01WOHpNVEJYZURNeE1FZ3wyZDUwYzU1ZGFkOTY0ZmVlY2UwODAyNjUxZTZjMGViMzU5NmJiNGUzZGY1NTI1NTE1ZTdjMzVlOTA3OGU2ZDQx
10,Nevera No Frost CHALLENGER 272 Litros CR290 Titanium,$1.799.900,https://www.alkosto.com/medias/7705191041773-001-310Wx310H?context=bWFzdGVyfGltYWdlc3wxMDg4fGltYWdlL3dlYnB8YUdKaEwyaGhZeTh4TkRVek9EVTRNekEwT0RJeU1pODNOekExTVRreE1EUXhOemN6WHpBd01WOHpNVEJYZURNeE1FZ3wxYTFjOGM4MjFiOTBhZmRmNzQ0YzZiNTI2MDZhMjU3ZjdmNTI3MDA2NTI5ZTQ3Yzc0Zjk2ZTc0ZmFlYjJlMGQw
11,Nevera MABE No Frost Congelador Superior 394 Litros RMP421FYCU Inox,$2.199.900,https://www.alkosto.com/medias/7704712598109-001-310Wx310H?context=bWFzdGVyfGltYWdlc3wxODg2fGltYWdlL3dlYnB8YURVNUwyaGlaQzh4TkRVMU5qazJOREE1TXprNE1pODNOekEwTnpFeU5UazRNVEE1WHpBd01WOHpNVEJYZURNeE1FZ3w2MGJhYWI5N2MzNWMzNjRlOGNkNzMyYTdmZDM2NWVhODE5ZDk5YmRmODVmNGYyYTI4OTYzZjY2NGY5NDZjNmMz
12,Nevera Mabe No Frost Congelador Superior 394 Litros RMP421FBCG Grafito,$1.999.900,https://www.alkosto.com/medias/7704712093260-001-310Wx310H?context=bWFzdGVyfGltYWdlc3wxMzc4fGltYWdlL3dlYnB8YUdWaEwyaGpZeTh4TkRVMU5qa3hOREF5TkRRM09DODNOekEwTnpFeU1Ea3pNall3WHpBd01WOHpNVEJYZURNeE1FZ3xlZGU3NjRlZTk4Y2I1Y2VkMzhmNTRhMWI2NDJiMjc3ODMzY2M3MDRmZDJkMTQyNjAwNjExN2Q5NTk4NzBiMjIw
13,Nevera No Frost CHALLENGER 248 Litros CR266 Titanium,$1.739.900,https://www.alkosto.com/medias/7705191041346-001-310Wx310H?context=bWFzdGVyfGltYWdlc3wxMTI0fGltYWdlL3dlYnB8YURRMkwyaG1ZUzh4TkRVek9EVTNORGM1TURZNE5pODNOekExTVRreE1EUXhNelEyWHpBd01WOHpNVEJYZURNeE1FZ3wyYjk3ZmYzMGUxZmNlYjM2ZmJhOTgyMzg0MTVmYjRkZDFkNGQ3MWU1NWFhMmE1ZTA0MTdiNGFiY2VhMmJiMjAw
14,Nevera HACEB No Frost Congelador Superior 226 Litros N243 Manija Integrada Titanio,$1.569.900,https://www.alkosto.com/medias/7704353446111-001-310Wx310H?context=bWFzdGVyfGltYWdlc3wxNDg0fGltYWdlL3dlYnB8YURZMUwyZ3pOQzh4TkRVek9EUTRNak00TkRreU5pODNOekEwTXpVek5EUTJNVEV4WHpBd01WOHpNVEJYZURNeE1FZ3xiYmRkMmE3ODFiM2VhZjU3YjU2NGVkZGQ0YTFmMzc0MjVjMWQ2MGZlODc5M2U3OGY0OTdkYjVkYjMxMzA2Njk5
15,Nevera Frost CHALLENGER 250 Litros CR256 Titanium,$1.299.900,https://www.alkosto.com/medias/7705191041810-001-310Wx310H?context=bWFzdGVyfGltYWdlc3wxMzcwfGltYWdlL3dlYnB8YURkaEwyZ3hZUzh4TkRZM05qZzBNalUwTlRFNE1pODNOekExTVRreE1EUXhPREV3WHpBd01WOHpNVEJYZURNeE1FZ3wyYjVkNWJmOTM1ODE0MjcwNTMzY2JiYjgwNmM4NGE2ZjZiNjYzM2JmM2Q2NmNlMzhiMTE1OGM4ZjM4MjlhMzQz
16,Nevera HACEB No Frost Congelador Superior 254 Litros N271 Manija Interna Inox,$1.671.600,https://www.alkosto.com/medias/7704353452938-001-310Wx310H?context=bWFzdGVyfGltYWdlc3wxNDk4fGltYWdlL3dlYnB8YURJeUwyaG1ZeTh4TkRVek9EVTFPREkzTlRZeE5DODNOekEwTXpVek5EVXlPVE00WHpBd01WOHpNVEJYZURNeE1FZ3w0ZGRmM2QyNjBjYmFlMTU0ZjA1YWVlMTc5ZjA5OTQyOGExNzRkYmZiNzI1YmNkMGE1ZDFjODUxNjY5NWNhZmZm
17,Nevera HACEB No frost Congelador Superior 391 litros N404 Manija Integrada Dispensador de Agua Gris Plomo,$2.067.900,https://www.alkosto.com/medias/7704353458428-001-310Wx310H?context=bWFzdGVyfGltYWdlc3wxMjAyfGltYWdlL3dlYnB8YUdaakwyZ3lNaTh4TkRZMk1EQXhNekE1TmprNU1DODNOekEwTXpVek5EVTROREk0WHpBd01WOHpNVEJYZURNeE1FZ3xhNDhiOWFiMzAyN2QyMjNhMTA3YzU2MjZhNTc3ZGE0ZmY4ZjBmOTgwMDk0NWRmYjljY2YyZGNlNGE5Y2Y4MThi
18,Nevera WHIRLPOOL No Frost Congelador Superior 435 Litros WRW45AKTWW Gris,$3.529.900,https://www.alkosto.com/medias/7704353362589-001-310Wx310H?context=bWFzdGVyfGltYWdlc3wxNDI0fGltYWdlL3dlYnB8YUdGa0wyZ3hOeTh4TkRVNU1EZzBOVEExT1RFd01pODNOekEwTXpVek16WXlOVGc1WHpBd01WOHpNVEJYZURNeE1FZ3w2ZmQxNmYxZDA5M2ZkNTUxNjYzY2VlNjAxMTUzZGViZTM2OTVkYzRmOTcxODYyNjA3NDc0Y2VjZmM5NjcwNTkw
19,Nevera HACEB No Frost Congelador Superior 226 Litros N243 Manija Externa Negro Esmeralda,$1.589.900,https://www.alkosto.com/medias/7704353446128-001-310Wx310H?context=bWFzdGVyfGltYWdlc3wxNDIwfGltYWdlL3dlYnB8YURrNUwyZzNPUzh4TkRVek9EUTROamt3TmpreE1DODNOekEwTXpVek5EUTJNVEk0WHpBd01WOHpNVEJYZURNeE1FZ3wyY2RlOWVhZDg5NzEyYWQ3NWM0MzBkMzNhYzcxMDY5OTI1MDQ1MzdlZWNjYTVjMmFkMjhhNzI5YmViZTdlMzk4
20,Nevera HACEB No frost Congelador Superior 428 litros N448 Manija Integrada Panel Digital Dispensador de Agua Negro CÃ³smico,$2.769.900,https://www.alkosto.com/medias/7704353460025-001-310Wx310H?context=bWFzdGVyfGltYWdlc3wxMjU4fGltYWdlL3dlYnB8YUdVMUwyZzVZUzh4TkRVMk16TTROREl5T1RreE9DODNOekEwTXpVek5EWXdNREkxWHpBd01WOHpNVEJYZURNeE1FZ3w4ZTY4NWFhNjk1ZjZkNGJjMTdlNDY5NWU2NDI5NjNhNmRjNjE3YTY0N2EwOTZlNzNlOTg1ZjdlNTZkYzE4MjI4
21,Nevera LG No Frost Congelador Superior 264 Litros Brutos VT26WGPX Gris,$2.087.900,https://www.alkosto.com/medias/8806084221537-001-310Wx310H?context=bWFzdGVyfGltYWdlc3wxNDY2fGltYWdlL3dlYnB8YURjNUwyaGhNUzh4TkRVMk16UTVOelF4TURVNU1DODRPREEyTURnME1qSXhOVE0zWHpBd01WOHpNVEJYZURNeE1FZ3wzNjliMzk1NDdjMjcwODg3MWIzNGUyNDNmZDc3MmRhZjY1M2ZkYjRkNTRjY2U0YjBjODU2ODVhODM5ZmMxNzRl
22,Nevera HACEB No frost Congelador Superior 391 litros N404 Manija Integrada Dispensador de Agua Inox,$2.325.900,https://www.alkosto.com/medias/7704353462333-001-310Wx310H?context=bWFzdGVyfGltYWdlc3wxMjIyfGltYWdlL3dlYnB8YURaakwyZzBaaTh4TkRVMk16UXdPREE0TlRBeU1pODNOekEwTXpVek5EWXlNek16WHpBd01WOHpNVEJYZURNeE1FZ3w2ZjRlZmIyYWU2MDEzYTNjZTE3ZDc0MDkzNDhkYmE2MmU0NTJhNzU5MWNkMWZkYWM5MmRkM2U2OGM4MjJiNTA3
23,Nevera WHIRLPOOL No Frost Congelador Superior 263 Litros WRW25CKTWW Gris,$1.749.900,https://www.alkosto.com/medias/7704353383652-001-310Wx310H?context=bWFzdGVyfGltYWdlc3wxNDg4fGltYWdlL3dlYnB8YURkbEwyZzJOaTh4TkRRNU56STBNREl4T1RZM09DODNOekEwTXpVek16Z3pOalV5WHpBd01WOHpNVEJYZURNeE1FZ3wyYWI5YjAzMmI2MzAwMWM2MWRkN2EwYWQzNGNkMWFiM2JlMTI2ODU1Mjk4NjM1ZGM3ZTg4NGQ5NWY5MzU0ODNm
24,Nevera MABE No Frost Congelador Superior 250 Litros RMA267PYCC Negra,$1.699.900,https://www.alkosto.com/medias/7704712298405-001-310Wx310H?context=bWFzdGVyfGltYWdlc3wxNDEwfGltYWdlL3dlYnB8YUdZNEwyaGxNeTh4TkRVMU5qa3lOalF4TURjNE1pODNOekEwTnpFeU1qazROREExWHpBd01WOHpNVEJYZURNeE1FZ3xkNWIxZTg3Y2Y2ODcwY2I3ZWVjZjYzM2QzOGQyMDI2YTQ3MDM1N2EwOTQxZjJhZmRjM2Q5ZmIxYTgwMWZhYzZm
25,Nevera HACEB No frost Congelador Superior 391 litros N404 Manija Externa Dispensador de Agua Gris Titanio,$2.249.900,https://www.alkosto.com/medias/7704353462326-001-310Wx310H?context=bWFzdGVyfGltYWdlc3wxNzgwfGltYWdlL3dlYnB8YUdOakwyaGpOaTh4TkRVMk16UXdNakU0TmpjNE1pODNOekEwTXpVek5EWXlNekkyWHpBd01WOHpNVEJYZURNeE1FZ3w0Y2I4YTBiZjZmZTUyYTE5MDM1MzlkZDY0MmZmMzQ4YWYwNjZkOGQ4MThiYmNkZGRlZjk1NjMwNWEzMGYyZmZj
26,Nevera MABE No Frost Congelador Superior 394 Litros RMP421FGCC Negra,$2.145.900,https://www.alkosto.com/medias/7704712050225-001-310Wx310H?context=bWFzdGVyfGltYWdlc3wxNzM4fGltYWdlL3dlYnB8YURjM0wyaGpOUzh4TkRVMU5qa3dNVFl6T0RFM05DODNOekEwTnpFeU1EVXdNakkxWHpBd01WOHpNVEJYZURNeE1FZ3w4Y2MzOGY0OGNhMjE0Y2ZiMTVhYzUzMTA2ZjFjMTRiYjYwOGM0OWFlY2E5NDVkMzcyNzQxNWNkYTdkMWE1MzJl
